﻿{"RowId":"0","OnlineRetailer":"Verde","SalesMonth":"2022-02","Title":"Marchesi Antinori 2008 Guado al Tasso  (Bolgheri Superiore)","Vintage":"2008","Variety":"Red Blend","Score":"98","Price":"102","Quantity":"154"}
{"RowId":"1","OnlineRetailer":"Verde","SalesMonth":"2022-02","Title":"Produttori del Barbaresco 2011 Rabajà Riserva  (Barbaresco)","Vintage":"2011","Variety":"Nebbiolo","Score":"97","Price":"58","Quantity":"169"}
{"RowId":"2","OnlineRetailer":"Verde","SalesMonth":"2022-02","Title":"Ormanni 2010 Etichetta Storica Gran Selezione  (Chianti Classico)","Vintage":"2010","Variety":"Sangiovese","Score":"95","Price":"45","Quantity":"122"}
{"RowId":"3","OnlineRetailer":"Verde","SalesMonth":"2022-02","Title":"Bruno Giacosa 2011 Albesani Vigna Santo Stefano  (Barbaresco)","Vintage":"2011","Variety":"Nebbiolo","Score":"95","Price":"200","Quantity":"50"}
{"RowId":"4","OnlineRetailer":"Verde","SalesMonth":"2022-02","Title":"Capanna 2011  Brunello di Montalcino","Vintage":"2011","Variety":"Sangiovese","Score":"95","Price":"50","Quantity":"118"}
{"RowId":"5","OnlineRetailer":"Verde","SalesMonth":"2022-02","Title":"Mastroberardino 2008 Radici Antonio Riserva  (Taurasi)","Vintage":"2008","Variety":"Aglianico","Score":"95","Price":"80","Quantity":"110"}
{"RowId":"6","OnlineRetailer":"Verde","SalesMonth":"2022-02","Title":"Giacomo Conterno 2011 Francia  (Barolo)","Vintage":"2011","Variety":"Nebbiolo","Score":"95","Price":"225","Quantity":"58"}
{"RowId":"7","OnlineRetailer":"Verde","SalesMonth":"2022-02","Title":"Col d'Orcia 2004 Olmaia Cabernet Sauvignon (Sant'Antimo)","Vintage":"2004","Variety":"Cabernet Sauvignon","Score":"95","Price":"75","Quantity":"48"}
{"RowId":"8","OnlineRetailer":"Verde","SalesMonth":"2022-02","Title":"Il Paradiso di Manfredi 2006 Riserva  (Brunello di Montalcino)","Vintage":"2006","Variety":"Sangiovese","Score":"97","Price":"152","Quantity":"50"}
{"RowId":"9","OnlineRetailer":"Verde","SalesMonth":"2022-02","Title":"Massolino 2011 Vigna Rionda Riserva  (Barolo)","Vintage":"2011","Variety":"Nebbiolo","Score":"98","Price":"151","Quantity":"47"}
{"RowId":"10","OnlineRetailer":"Verde","SalesMonth":"2022-02","Title":"Livio Felluga 2006 Picolit Picolit (Colli Orientali del Friuli)","Vintage":"2006","Variety":"Picolit","Score":"96","Price":"90","Quantity":"155"}
{"RowId":"11","OnlineRetailer":"Verde","SalesMonth":"2022-02","Title":"Giuseppe Rinaldi 2013 Tre Tine  (Barolo)","Vintage":"2013","Variety":"Nebbiolo","Score":"97","Price":"375","Quantity":"190"}
{"RowId":"12","OnlineRetailer":"Verde","SalesMonth":"2022-02","Title":"Principe Corsini Fattoria Le Corti 1997 Sant'Andrea Corsini  (Vin Santo del Chianti Classico)","Vintage":"1997","Variety":"White Blend","Score":"97","Price":"30","Quantity":"62"}
{"RowId":"13","OnlineRetailer":"Verde","SalesMonth":"2022-02","Title":"Vallana 2006  Gattinara","Vintage":"2006","Variety":"Nebbiolo","Score":"95","Price":"32","Quantity":"33"}
{"RowId":"14","OnlineRetailer":"Verde","SalesMonth":"2022-02","Title":"Baricci 2010 Nello Riserva  (Brunello di Montalcino)","Vintage":"2010","Variety":"Sangiovese","Score":"98","Price":"120","Quantity":"79"}
{"RowId":"15","OnlineRetailer":"Verde","SalesMonth":"2022-02","Title":"Tenuta di Biserno 2008 Lodovico Red (Toscana)","Vintage":"2008","Variety":"Red Blend","Score":"96","Price":"280","Quantity":"165"}
{"RowId":"16","OnlineRetailer":"Verde","SalesMonth":"2022-02","Title":"Rizzi 2009 Boito Riserva  (Barbaresco)","Vintage":"2009","Variety":"Nebbiolo","Score":"95","Price":"59","Quantity":"171"}
{"RowId":"17","OnlineRetailer":"Verde","SalesMonth":"2022-02","Title":"Ceretto 2013 Prapò  (Barolo)","Vintage":"2013","Variety":"Nebbiolo","Score":"96","Price":"130","Quantity":"96"}
{"RowId":"18","OnlineRetailer":"Verde","SalesMonth":"2022-02","Title":"La Spinona 2012 Bergera  (Barolo)","Vintage":"2012","Variety":"Nebbiolo","Score":"95","Price":"38","Quantity":"64"}
{"RowId":"19","OnlineRetailer":"Verde","SalesMonth":"2022-02","Title":"Castello dei Rampolla 2012 d'Alceo Red (Toscana)","Vintage":"2012","Variety":"Red Blend","Score":"95","Price":"242","Quantity":"171"}
{"RowId":"20","OnlineRetailer":"Verde","SalesMonth":"2022-02","Title":"Cerbaiona 2011  Brunello di Montalcino","Vintage":"2011","Variety":"Sangiovese","Score":"95","Price":"30","Quantity":"129"}
{"RowId":"21","OnlineRetailer":"Verde","SalesMonth":"2022-02","Title":"Terralsole 2010 Riserva  (Brunello di Montalcino)","Vintage":"2010","Variety":"Sangiovese","Score":"96","Price":"89","Quantity":"9"}
{"RowId":"22","OnlineRetailer":"Verde","SalesMonth":"2022-02","Title":"Albino Rocca 2014 Ronchi  (Barbaresco)","Vintage":"2014","Variety":"Nebbiolo","Score":"96","Price":"55","Quantity":"114"}
{"RowId":"23","OnlineRetailer":"Verde","SalesMonth":"2022-02","Title":"Cordero di Montezemolo 2007 Bricco Gattera  (Barolo)","Vintage":"2007","Variety":"Nebbiolo","Score":"96","Price":"80","Quantity":"124"}
{"RowId":"24","OnlineRetailer":"Verde","SalesMonth":"2022-02","Title":"Fuligni 2010 Riserva  (Brunello di Montalcino)","Vintage":"2010","Variety":"Sangiovese","Score":"96","Price":"195","Quantity":"192"}
{"RowId":"25","OnlineRetailer":"Verde","SalesMonth":"2022-02","Title":"Cavallotto 2007 Vignolo Riserva  (Barolo)","Vintage":"2007","Variety":"Nebbiolo","Score":"97","Price":"98","Quantity":"31"}
{"RowId":"26","OnlineRetailer":"Verde","SalesMonth":"2022-02","Title":"Ciacci Piccolomini d'Aragona 2010 Vigna di Pianrosso Santa Caterina d'Oro Riserva  (Brunello di Montalcino)","Vintage":"2010","Variety":"Sangiovese","Score":"97","Price":"140","Quantity":"87"}
{"RowId":"27","OnlineRetailer":"Verde","SalesMonth":"2022-02","Title":"Conti Costanti 2011  Brunello di Montalcino","Vintage":"2011","Variety":"Sangiovese","Score":"95","Price":"74","Quantity":"168"}
{"RowId":"28","OnlineRetailer":"Verde","SalesMonth":"2022-02","Title":"Guido Porro 2011 Lazzairasco  (Barolo)","Vintage":"2011","Variety":"Nebbiolo","Score":"95","Price":"46","Quantity":"176"}
{"RowId":"29","OnlineRetailer":"Verde","SalesMonth":"2022-02","Title":"Fattoria Le Pupille 2004 Saffredi  (Maremma)","Vintage":"2004","Variety":"Red Blend","Score":"95","Price":"140","Quantity":"104"}
{"RowId":"30","OnlineRetailer":"Verde","SalesMonth":"2022-02","Title":"Luigi Oddero & Figli 2008 Vigna Rionda  (Barolo)","Vintage":"2008","Variety":"Nebbiolo","Score":"96","Price":"131","Quantity":"5"}
{"RowId":"31","OnlineRetailer":"Verde","SalesMonth":"2022-02","Title":"Milziade Antano 2010  Montefalco Sagrantino","Vintage":"2010","Variety":"Sagrantino","Score":"95","Price":"50","Quantity":"0"}
{"RowId":"32","OnlineRetailer":"Verde","SalesMonth":"2022-02","Title":"Masseto 2010 Merlot (Toscana)","Vintage":"2010","Variety":"Merlot","Score":"97","Price":"550","Quantity":"42"}
{"RowId":"33","OnlineRetailer":"Verde","SalesMonth":"2022-02","Title":"Isole e Olena 2012 Cepparello Sangiovese (Toscana)","Vintage":"2012","Variety":"Sangiovese","Score":"95","Price":"80","Quantity":"138"}
{"RowId":"34","OnlineRetailer":"Verde","SalesMonth":"2022-02","Title":"Germano Ettore 2013 Cerretta  (Barolo)","Vintage":"2013","Variety":"Nebbiolo","Score":"95","Price":"75","Quantity":"48"}
{"RowId":"35","OnlineRetailer":"Verde","SalesMonth":"2022-02","Title":"Michele Chiarlo 2013 Cerequio  (Barolo)","Vintage":"2013","Variety":"Nebbiolo","Score":"95","Price":"115","Quantity":"156"}
{"RowId":"36","OnlineRetailer":"Verde","SalesMonth":"2022-02","Title":"Isole e Olena 2010  Chianti Classico","Vintage":"2010","Variety":"Red Blend","Score":"96","Price":"27","Quantity":"173"}
{"RowId":"37","OnlineRetailer":"Verde","SalesMonth":"2022-02","Title":"Paolo Scavino 2013 Cannubi  (Barolo)","Vintage":"2013","Variety":"Nebbiolo","Score":"95","Price":"90","Quantity":"123"}
{"RowId":"38","OnlineRetailer":"Verde","SalesMonth":"2022-02","Title":"Castello Banfi 2006 Poggio all'Oro Riserva  (Brunello di Montalcino)","Vintage":"2006","Variety":"Sangiovese Grosso","Score":"95","Price":"150","Quantity":"156"}
{"RowId":"39","OnlineRetailer":"Verde","SalesMonth":"2022-02","Title":"Fratelli Alessandria 2013 Monvigliero  (Barolo)","Vintage":"2013","Variety":"Nebbiolo","Score":"95","Price":"78","Quantity":"137"}
{"RowId":"40","OnlineRetailer":"Verde","SalesMonth":"2022-02","Title":"Il Colle 2010  Brunello di Montalcino","Vintage":"2010","Variety":"Sangiovese","Score":"95","Price":"46","Quantity":"82"}
{"RowId":"41","OnlineRetailer":"Verde","SalesMonth":"2022-02","Title":"Albino Rocca 2014 Angelo  (Barbaresco)","Vintage":"2014","Variety":"Nebbiolo","Score":"96","Price":"98","Quantity":"135"}
{"RowId":"42","OnlineRetailer":"Verde","SalesMonth":"2022-02","Title":"Manzone 2013 Fraschin Bricco San Pietro  (Barolo)","Vintage":"2013","Variety":"Nebbiolo","Score":"95","Price":"48","Quantity":"40"}
{"RowId":"43","OnlineRetailer":"Verde","SalesMonth":"2022-02","Title":"Giacomo Fenocchio 2008 Bussia 90 Dì  (Barolo)","Vintage":"2008","Variety":"Nebbiolo","Score":"97","Price":"80","Quantity":"37"}
{"RowId":"44","OnlineRetailer":"Verde","SalesMonth":"2022-02","Title":"Il Colle 2011  Brunello di Montalcino","Vintage":"2011","Variety":"Sangiovese","Score":"96","Price":"45","Quantity":"76"}
{"RowId":"45","OnlineRetailer":"Verde","SalesMonth":"2022-02","Title":"Lisini 2011  Brunello di Montalcino","Vintage":"2011","Variety":"Sangiovese","Score":"95","Price":"80","Quantity":"144"}
{"RowId":"46","OnlineRetailer":"Verde","SalesMonth":"2022-02","Title":"Gaja 2013  Barbaresco","Vintage":"2013","Variety":"Nebbiolo","Score":"96","Price":"200","Quantity":"62"}
{"RowId":"47","OnlineRetailer":"Verde","SalesMonth":"2022-02","Title":"Bucci 2013 Villa Bucci Riserva  (Verdicchio dei Castelli di Jesi Classico Superiore)","Vintage":"2013","Variety":"Verdicchio","Score":"95","Price":"57","Quantity":"73"}
{"RowId":"48","OnlineRetailer":"Verde","SalesMonth":"2022-02","Title":"Cantina Produttori San Michele Appiano 2015 Sanct Valentin Sauvignon (Alto Adige)","Vintage":"2015","Variety":"Sauvignon","Score":"95","Price":"40","Quantity":"183"}
{"RowId":"49","OnlineRetailer":"Verde","SalesMonth":"2022-02","Title":"Podere Sapaio 2004 Sapaio  (Bolgheri Superiore)","Vintage":"2004","Variety":"Red Blend","Score":"95","Price":"66","Quantity":"193"}
{"RowId":"50","OnlineRetailer":"Verde","SalesMonth":"2022-02","Title":"Gaja 2007 Sorì San Lorenzo Nebbiolo (Langhe)","Vintage":"2007","Variety":"Nebbiolo","Score":"99","Price":"440","Quantity":"76"}
{"RowId":"51","OnlineRetailer":"Verde","SalesMonth":"2022-02","Title":"Massolino 2011 Parafada  (Barolo)","Vintage":"2011","Variety":"Nebbiolo","Score":"95","Price":"99","Quantity":"85"}
{"RowId":"52","OnlineRetailer":"Verde","SalesMonth":"2022-02","Title":"Podere Rocche dei Manzoni 2006 Vigna Cappella di Santo Stefano  (Barolo)","Vintage":"2006","Variety":"Nebbiolo","Score":"95","Price":"30","Quantity":"10"}
{"RowId":"53","OnlineRetailer":"Verde","SalesMonth":"2022-02","Title":"Cavallotto 2009 Bricco Boschis  (Barolo)","Vintage":"2009","Variety":"Nebbiolo","Score":"95","Price":"75","Quantity":"129"}
{"RowId":"54","OnlineRetailer":"Verde","SalesMonth":"2022-02","Title":"Gianni Brunelli 2010 Riserva  (Brunello di Montalcino)","Vintage":"2010","Variety":"Sangiovese","Score":"97","Price":"100","Quantity":"99"}
{"RowId":"55","OnlineRetailer":"Verde","SalesMonth":"2022-02","Title":"Brovia 2013 Brea Vigna Cà Mia  (Barolo)","Vintage":"2013","Variety":"Nebbiolo","Score":"97","Price":"96","Quantity":"109"}
{"RowId":"56","OnlineRetailer":"Verde","SalesMonth":"2022-02","Title":"Conti Costanti 2012  Brunello di Montalcino","Vintage":"2012","Variety":"Sangiovese","Score":"98","Price":"95","Quantity":"141"}
{"RowId":"57","OnlineRetailer":"Verde","SalesMonth":"2022-02","Title":"Le Salette 2008 Pergole Vece  (Amarone della Valpolicella Classico)","Vintage":"2008","Variety":"Corvina, Rondinella, Molinara","Score":"95","Price":"132","Quantity":"118"}
{"RowId":"58","OnlineRetailer":"Verde","SalesMonth":"2022-02","Title":"Monteverro 2008 Red (Toscana)","Vintage":"2008","Variety":"Red Blend","Score":"95","Price":"175","Quantity":"170"}
{"RowId":"59","OnlineRetailer":"Verde","SalesMonth":"2022-02","Title":"Rivetto 2010 Briccolina Riserva  (Barolo)","Vintage":"2010","Variety":"Nebbiolo","Score":"96","Price":"210","Quantity":"121"}
{"RowId":"60","OnlineRetailer":"Verde","SalesMonth":"2022-02","Title":"Le Chiuse 2004 Riserva  (Brunello di Montalcino)","Vintage":"2004","Variety":"Sangiovese Grosso","Score":"95","Price":"120","Quantity":"35"}
{"RowId":"61","OnlineRetailer":"Verde","SalesMonth":"2022-02","Title":"Brezza 2013 Sarmassa  (Barolo)","Vintage":"2013","Variety":"Nebbiolo","Score":"96","Price":"70","Quantity":"32"}
{"RowId":"62","OnlineRetailer":"Verde","SalesMonth":"2022-02","Title":"San Felice 2013 Il Grigio Gran Selezione  (Chianti Classico)","Vintage":"2013","Variety":"Red Blend","Score":"95","Price":"55","Quantity":"57"}
{"RowId":"63","OnlineRetailer":"Verde","SalesMonth":"2022-02","Title":"Poggio di Sotto 2010  Brunello di Montalcino","Vintage":"2010","Variety":"Sangiovese","Score":"97","Price":"290","Quantity":"145"}
{"RowId":"64","OnlineRetailer":"Verde","SalesMonth":"2022-02","Title":"Damilano 2011 Cannubi  (Barolo)","Vintage":"2011","Variety":"Nebbiolo","Score":"95","Price":"90","Quantity":"43"}
{"RowId":"65","OnlineRetailer":"Verde","SalesMonth":"2022-02","Title":"Giovanni Rosso 2010 Cerretta  (Barolo)","Vintage":"2010","Variety":"Nebbiolo","Score":"95","Price":"96","Quantity":"161"}
{"RowId":"66","OnlineRetailer":"Verde","SalesMonth":"2022-02","Title":"Bel Colle 2012 Simposio  (Barolo)","Vintage":"2012","Variety":"Nebbiolo","Score":"95","Price":"60","Quantity":"162"}
{"RowId":"67","OnlineRetailer":"Verde","SalesMonth":"2022-02","Title":"Cavallotto 2011 Bricco Boschis Vigna San Giuseppe Riserva  (Barolo)","Vintage":"2011","Variety":"Nebbiolo","Score":"96","Price":"30","Quantity":"135"}
{"RowId":"68","OnlineRetailer":"Verde","SalesMonth":"2022-02","Title":"Gaja 2007 Sorì Tildìn Nebbiolo (Langhe)","Vintage":"2007","Variety":"Nebbiolo","Score":"99","Price":"440","Quantity":"5"}
{"RowId":"69","OnlineRetailer":"Verde","SalesMonth":"2022-02","Title":"Castelgiocondo 2007  Brunello di Montalcino","Vintage":"2007","Variety":"Sangiovese Grosso","Score":"95","Price":"75","Quantity":"76"}
{"RowId":"70","OnlineRetailer":"Verde","SalesMonth":"2022-02","Title":"Mascarello Giuseppe e Figlio 2010 Villero  (Barolo)","Vintage":"2010","Variety":"Nebbiolo","Score":"97","Price":"100","Quantity":"131"}
{"RowId":"71","OnlineRetailer":"Verde","SalesMonth":"2022-02","Title":"Moccagatta 2007 Basarin  (Barbaresco)","Vintage":"2007","Variety":"Nebbiolo","Score":"95","Price":"30","Quantity":"101"}
{"RowId":"72","OnlineRetailer":"Verde","SalesMonth":"2022-02","Title":"Vietti 2006 Rocche  (Barolo)","Vintage":"2006","Variety":"Nebbiolo","Score":"95","Price":"130","Quantity":"1"}
{"RowId":"73","OnlineRetailer":"Verde","SalesMonth":"2022-02","Title":"Il Marroneto 2012 Madonna delle Grazie  (Brunello di Montalcino)","Vintage":"2012","Variety":"Sangiovese","Score":"99","Price":"200","Quantity":"195"}
{"RowId":"74","OnlineRetailer":"Verde","SalesMonth":"2022-02","Title":"Tenuta Sette Ponti 2007 Oreno Red (Toscana)","Vintage":"2007","Variety":"Red Blend","Score":"96","Price":"100","Quantity":"194"}
{"RowId":"75","OnlineRetailer":"Verde","SalesMonth":"2022-02","Title":"Passopisciaro 2012 Contrada P Nerello Mascalese (Terre Siciliane)","Vintage":"2012","Variety":"Nerello Mascalese","Score":"95","Price":"80","Quantity":"97"}
{"RowId":"76","OnlineRetailer":"Verde","SalesMonth":"2022-02","Title":"Tenuta San Guido 2008 Sassicaia  (Bolgheri Sassicaia)","Vintage":"2008","Variety":"Red Blend","Score":"97","Price":"220","Quantity":"63"}
{"RowId":"77","OnlineRetailer":"Verde","SalesMonth":"2022-02","Title":"Padelletti 2010 Riserva  (Brunello di Montalcino)","Vintage":"2010","Variety":"Sangiovese","Score":"96","Price":"115","Quantity":"9"}
{"RowId":"78","OnlineRetailer":"Verde","SalesMonth":"2022-02","Title":"Castello dei Rampolla 2011 D'Alceo Red (Toscana)","Vintage":"2011","Variety":"Red Blend","Score":"95","Price":"260","Quantity":"108"}
{"RowId":"79","OnlineRetailer":"Verde","SalesMonth":"2022-02","Title":"Mascarello Giuseppe e Figlio 2012 Perno  (Barolo)","Vintage":"2012","Variety":"Nebbiolo","Score":"95","Price":"113","Quantity":"111"}
{"RowId":"80","OnlineRetailer":"Verde","SalesMonth":"2022-02","Title":"Avignonesi 1997 375ml  (Vin Santo di Montepulciano)","Vintage":"1997","Variety":"White Blend","Score":"97","Price":"170","Quantity":"101"}
{"RowId":"81","OnlineRetailer":"Verde","SalesMonth":"2022-02","Title":"Marchesi di Barolo 2007 Cannubi  (Barolo)","Vintage":"2007","Variety":"Nebbiolo","Score":"95","Price":"135","Quantity":"35"}
{"RowId":"82","OnlineRetailer":"Verde","SalesMonth":"2022-02","Title":"Casanova di Neri 2006 Tenuta Nuova  (Brunello di Montalcino)","Vintage":"2006","Variety":"Sangiovese Grosso","Score":"97","Price":"80","Quantity":"135"}
{"RowId":"83","OnlineRetailer":"Verde","SalesMonth":"2022-02","Title":"Contrade di Taurasi - Lonardo 2010  Taurasi","Vintage":"2010","Variety":"Aglianico","Score":"95","Price":"50","Quantity":"22"}
{"RowId":"84","OnlineRetailer":"Verde","SalesMonth":"2022-02","Title":"Avignonesi 2004 Desiderio Red (Cortona)","Vintage":"2004","Variety":"Red Blend","Score":"95","Price":"50","Quantity":"51"}
{"RowId":"85","OnlineRetailer":"Verde","SalesMonth":"2022-02","Title":"Massolino 2010 Vigna Rionda Riserva  (Barolo)","Vintage":"2010","Variety":"Nebbiolo","Score":"96","Price":"150","Quantity":"124"}
{"RowId":"86","OnlineRetailer":"Verde","SalesMonth":"2022-02","Title":"Le Macchiole 2012 Paleo Rosso Cabernet Franc (Toscana)","Vintage":"2012","Variety":"Cabernet Franc","Score":"95","Price":"110","Quantity":"183"}
{"RowId":"87","OnlineRetailer":"Verde","SalesMonth":"2022-02","Title":"Azelia 2006 San Rocco  (Barolo)","Vintage":"2006","Variety":"Nebbiolo","Score":"95","Price":"30","Quantity":"116"}
{"RowId":"88","OnlineRetailer":"Verde","SalesMonth":"2022-02","Title":"Le Chiuse 2012  Brunello di Montalcino","Vintage":"2012","Variety":"Sangiovese","Score":"96","Price":"65","Quantity":"58"}
{"RowId":"89","OnlineRetailer":"Verde","SalesMonth":"2022-02","Title":"Elvio Cogno 2011 Ravera  (Barolo)","Vintage":"2011","Variety":"Nebbiolo","Score":"95","Price":"76","Quantity":"17"}
{"RowId":"90","OnlineRetailer":"Verde","SalesMonth":"2022-02","Title":"Sottimano 2010 Riserva  (Barbaresco)","Vintage":"2010","Variety":"Nebbiolo","Score":"96","Price":"79","Quantity":"141"}
{"RowId":"91","OnlineRetailer":"Verde","SalesMonth":"2022-02","Title":"Zenato 2006 Sergio Zenato Riserva  (Amarone della Valpolicella Classico)","Vintage":"2006","Variety":"Corvina, Rondinella, Molinara","Score":"95","Price":"125","Quantity":"63"}
{"RowId":"92","OnlineRetailer":"Verde","SalesMonth":"2022-02","Title":"Le Macchiole 2010 Paleo Rosso Cabernet Franc (Toscana)","Vintage":"2010","Variety":"Cabernet Franc","Score":"97","Price":"130","Quantity":"52"}
{"RowId":"93","OnlineRetailer":"Verde","SalesMonth":"2022-02","Title":"Aldo Conterno 2013 Bussia Colonnello  (Barolo)","Vintage":"2013","Variety":"Nebbiolo","Score":"95","Price":"150","Quantity":"20"}
{"RowId":"94","OnlineRetailer":"Verde","SalesMonth":"2022-02","Title":"Schiavenza 2013 Prapò  (Barolo)","Vintage":"2013","Variety":"Nebbiolo","Score":"96","Price":"70","Quantity":"113"}
{"RowId":"95","OnlineRetailer":"Verde","SalesMonth":"2022-02","Title":"Michele Chiarlo 2006 Cerequio Riserva  (Barolo)","Vintage":"2006","Variety":"Nebbiolo","Score":"95","Price":"103","Quantity":"154"}
{"RowId":"96","OnlineRetailer":"Verde","SalesMonth":"2022-02","Title":"Fattoria Petrolo 2008 Galatrona Merlot (Toscana)","Vintage":"2008","Variety":"Merlot","Score":"97","Price":"134","Quantity":"2"}
{"RowId":"97","OnlineRetailer":"Verde","SalesMonth":"2022-02","Title":"Tua Rita 2005 Giusto di Notri Red (Toscana)","Vintage":"2005","Variety":"Red Blend","Score":"95","Price":"100","Quantity":"161"}
{"RowId":"98","OnlineRetailer":"Verde","SalesMonth":"2022-02","Title":"Tenuta Argentiera 2007 Argentiera  (Bolgheri Superiore)","Vintage":"2007","Variety":"Red Blend","Score":"95","Price":"60","Quantity":"104"}
{"RowId":"99","OnlineRetailer":"Verde","SalesMonth":"2022-02","Title":"Livio Sassetti 2010 Pertimali Riserva  (Brunello di Montalcino)","Vintage":"2010","Variety":"Sangiovese","Score":"95","Price":"110","Quantity":"129"}
{"RowId":"100","OnlineRetailer":"Verde","SalesMonth":"2022-02","Title":"Arpepe 2007 Sassella Vigna Regina Riserva  (Valtellina Superiore)","Vintage":"2007","Variety":"Nebbiolo","Score":"96","Price":"105","Quantity":"51"}
{"RowId":"101","OnlineRetailer":"Verde","SalesMonth":"2022-02","Title":"Le Piane 2009  Boca","Vintage":"2009","Variety":"Red Blend","Score":"95","Price":"55","Quantity":"189"}
{"RowId":"102","OnlineRetailer":"Verde","SalesMonth":"2022-02","Title":"Gaja 2009 Sorì San Lorenzo Nebbiolo (Langhe)","Vintage":"2009","Variety":"Nebbiolo","Score":"96","Price":"495","Quantity":"3"}
{"RowId":"103","OnlineRetailer":"Verde","SalesMonth":"2022-02","Title":"Tenuta San Guido 2009 Sassicaia  (Bolgheri Sassicaia)","Vintage":"2009","Variety":"Red Blend","Score":"96","Price":"227","Quantity":"117"}
{"RowId":"104","OnlineRetailer":"Verde","SalesMonth":"2022-02","Title":"Giacomo Fenocchio 2010 Villero  (Barolo)","Vintage":"2010","Variety":"Nebbiolo","Score":"95","Price":"60","Quantity":"159"}
{"RowId":"105","OnlineRetailer":"Verde","SalesMonth":"2022-02","Title":"Massolino 2013 Parussi  (Barolo)","Vintage":"2013","Variety":"Nebbiolo","Score":"96","Price":"97","Quantity":"141"}
{"RowId":"106","OnlineRetailer":"Verde","SalesMonth":"2022-02","Title":"Castello Banfi 2007 Poggio alle Mura Riserva  (Brunello di Montalcino)","Vintage":"2007","Variety":"Sangiovese Grosso","Score":"95","Price":"30","Quantity":"171"}
{"RowId":"107","OnlineRetailer":"Verde","SalesMonth":"2022-02","Title":"Tenuta San Guido 2004 Sassicaia  (Bolgheri Sassicaia)","Vintage":"2004","Variety":"Red Blend","Score":"97","Price":"190","Quantity":"197"}
{"RowId":"108","OnlineRetailer":"Verde","SalesMonth":"2022-02","Title":"Passopisciaro 2013 Contrada R Nerello Mascalese (Terre Siciliane)","Vintage":"2013","Variety":"Nerello Mascalese","Score":"97","Price":"60","Quantity":"180"}
{"RowId":"109","OnlineRetailer":"Verde","SalesMonth":"2022-02","Title":"Renato Ratti 2013 Marcenasco  (Barolo)","Vintage":"2013","Variety":"Nebbiolo","Score":"95","Price":"50","Quantity":"97"}
{"RowId":"110","OnlineRetailer":"Verde","SalesMonth":"2022-02","Title":"Sordo 2010 Monvigliero  (Barolo)","Vintage":"2010","Variety":"Nebbiolo","Score":"95","Price":"65","Quantity":"143"}
{"RowId":"111","OnlineRetailer":"Verde","SalesMonth":"2022-02","Title":"Podere L'Aione 2004 Salve Sangiovese (Toscana)","Vintage":"2004","Variety":"Sangiovese","Score":"95","Price":"54","Quantity":"19"}
{"RowId":"112","OnlineRetailer":"Verde","SalesMonth":"2022-02","Title":"Rizzi 2014 Nervo  (Barbaresco)","Vintage":"2014","Variety":"Nebbiolo","Score":"95","Price":"59","Quantity":"15"}
{"RowId":"113","OnlineRetailer":"Verde","SalesMonth":"2022-02","Title":"Aldo Conterno 2013 Bussia Cicala  (Barolo)","Vintage":"2013","Variety":"Nebbiolo","Score":"96","Price":"150","Quantity":"126"}
{"RowId":"114","OnlineRetailer":"Verde","SalesMonth":"2022-02","Title":"Milziade Antano 2009 Colleallodole  (Sagrantino di Montefalco)","Vintage":"2009","Variety":"Sagrantino","Score":"95","Price":"70","Quantity":"150"}
{"RowId":"115","OnlineRetailer":"Verde","SalesMonth":"2022-02","Title":"Aia Vecchia 2008 Sorugo  (Bolgheri Superiore)","Vintage":"2008","Variety":"Red Blend","Score":"95","Price":"40","Quantity":"15"}
{"RowId":"116","OnlineRetailer":"Verde","SalesMonth":"2022-02","Title":"Mazzei 2007 Castello di Fonterutoli Siepi Red (Toscana)","Vintage":"2007","Variety":"Red Blend","Score":"95","Price":"120","Quantity":"175"}
{"RowId":"117","OnlineRetailer":"Verde","SalesMonth":"2022-02","Title":"Tenuta dell'Ornellaia 2006 Ornellaia  (Bolgheri Superiore)","Vintage":"2006","Variety":"Red Blend","Score":"97","Price":"200","Quantity":"33"}
{"RowId":"118","OnlineRetailer":"Verde","SalesMonth":"2022-02","Title":"Rizzi 2011 Pajorè  (Barbaresco)","Vintage":"2011","Variety":"Nebbiolo","Score":"95","Price":"59","Quantity":"40"}
{"RowId":"119","OnlineRetailer":"Verde","SalesMonth":"2022-02","Title":"Tenuta San Guido 2012 Sassicaia  (Bolgheri Sassicaia)","Vintage":"2012","Variety":"Red Blend","Score":"99","Price":"235","Quantity":"2"}
