﻿{"RowId":"0","OnlineRetailer":"Verde","SalesMonth":"2022-03","Title":"Nino Negri 2013 5 Stelle  (Sforzato di Valtellina)","Vintage":"2013","Variety":"Nebbiolo","Score":"95","Price":"82","Quantity":"172"}
{"RowId":"1","OnlineRetailer":"Verde","SalesMonth":"2022-03","Title":"Canalicchio di Sopra 2010 Riserva  (Brunello di Montalcino)","Vintage":"2010","Variety":"Sangiovese","Score":"96","Price":"130","Quantity":"183"}
{"RowId":"2","OnlineRetailer":"Verde","SalesMonth":"2022-03","Title":"Siro Pacenti 2006 Riserva  (Brunello di Montalcino)","Vintage":"2006","Variety":"Sangiovese Grosso","Score":"95","Price":"120","Quantity":"166"}
{"RowId":"3","OnlineRetailer":"Verde","SalesMonth":"2022-03","Title":"Tenuta dell'Ornellaia 2004 Masseto Merlot (Toscana)","Vintage":"2004","Variety":"Merlot","Score":"99","Price":"250","Quantity":"45"}
{"RowId":"4","OnlineRetailer":"Verde","SalesMonth":"2022-03","Title":"Arpepe 2007 Sassella Vigna Regina Riserva  (Valtellina Superiore)","Vintage":"2007","Variety":"Nebbiolo","Score":"96","Price":"105","Quantity":"178"}
{"RowId":"5","OnlineRetailer":"Verde","SalesMonth":"2022-03","Title":"Sobrero 2013 Ciabot Tanasio  (Barolo)","Vintage":"2013","Variety":"Nebbiolo","Score":"95","Price":"52","Quantity":"105"}
{"RowId":"6","OnlineRetailer":"Verde","SalesMonth":"2022-03","Title":"Livio Felluga 2007 Picolit Picolit (Colli Orientali del Friuli)","Vintage":"2007","Variety":"Picolit","Score":"97","Price":"90","Quantity":"181"}
{"RowId":"7","OnlineRetailer":"Verde","SalesMonth":"2022-03","Title":"Cordero di Montezemolo 2007 Bricco Gattera  (Barolo)","Vintage":"2007","Variety":"Nebbiolo","Score":"96","Price":"80","Quantity":"70"}
{"RowId":"8","OnlineRetailer":"Verde","SalesMonth":"2022-03","Title":"Ceretto 2013 Prapò  (Barolo)","Vintage":"2013","Variety":"Nebbiolo","Score":"96","Price":"130","Quantity":"34"}
{"RowId":"9","OnlineRetailer":"Verde","SalesMonth":"2022-03","Title":"Tenuta dell'Ornellaia 2005 Masseto Merlot (Toscana)","Vintage":"2005","Variety":"Merlot","Score":"95","Price":"460","Quantity":"117"}
{"RowId":"10","OnlineRetailer":"Verde","SalesMonth":"2022-03","Title":"Rivetto 2010 Briccolina  (Barolo)","Vintage":"2010","Variety":"Nebbiolo","Score":"96","Price":"149","Quantity":"102"}
{"RowId":"11","OnlineRetailer":"Verde","SalesMonth":"2022-03","Title":"Attilio Ghisolfi 2011 Bussia Bricco Visette  (Barolo)","Vintage":"2011","Variety":"Nebbiolo","Score":"96","Price":"79","Quantity":"198"}
{"RowId":"12","OnlineRetailer":"Verde","SalesMonth":"2022-03","Title":"Lazzeretti 2010 Riserva  (Brunello di Montalcino)","Vintage":"2010","Variety":"Sangiovese","Score":"95","Price":"120","Quantity":"161"}
{"RowId":"13","OnlineRetailer":"Verde","SalesMonth":"2022-03","Title":"Proprietà Sperino 2011  Lessona","Vintage":"2011","Variety":"Nebbiolo","Score":"96","Price":"72","Quantity":"155"}
{"RowId":"14","OnlineRetailer":"Verde","SalesMonth":"2022-03","Title":"Eugenio Bocchino 2006 La Serra  (Barolo)","Vintage":"2006","Variety":"Nebbiolo","Score":"95","Price":"100","Quantity":"72"}
{"RowId":"15","OnlineRetailer":"Verde","SalesMonth":"2022-03","Title":"Livio Sassetti 2010 Pertimali Riserva  (Brunello di Montalcino)","Vintage":"2010","Variety":"Sangiovese","Score":"95","Price":"110","Quantity":"170"}
{"RowId":"16","OnlineRetailer":"Verde","SalesMonth":"2022-03","Title":"Fattoria Petrolo 2006 Galatrona Merlot (Toscana)","Vintage":"2006","Variety":"Merlot","Score":"95","Price":"120","Quantity":"151"}
{"RowId":"17","OnlineRetailer":"Verde","SalesMonth":"2022-03","Title":"Felsina 2010 Fontalloro Sangiovese (Toscana)","Vintage":"2010","Variety":"Sangiovese","Score":"95","Price":"62","Quantity":"165"}
{"RowId":"18","OnlineRetailer":"Verde","SalesMonth":"2022-03","Title":"Avignonesi 1997 375ml  (Vin Santo di Montepulciano)","Vintage":"1997","Variety":"White Blend","Score":"97","Price":"170","Quantity":"112"}
{"RowId":"19","OnlineRetailer":"Verde","SalesMonth":"2022-03","Title":"Fattoria Petrolo 2008 Galatrona Merlot (Toscana)","Vintage":"2008","Variety":"Merlot","Score":"97","Price":"134","Quantity":"1"}
{"RowId":"20","OnlineRetailer":"Verde","SalesMonth":"2022-03","Title":"Giuseppe Rinaldi 2011 Tre Tine  (Barolo)","Vintage":"2011","Variety":"Nebbiolo","Score":"95","Price":"125","Quantity":"141"}
{"RowId":"21","OnlineRetailer":"Verde","SalesMonth":"2022-03","Title":"Brovia 2011 Brea Vigna Ca' Mia  (Barolo)","Vintage":"2011","Variety":"Nebbiolo","Score":"95","Price":"95","Quantity":"13"}
{"RowId":"22","OnlineRetailer":"Verde","SalesMonth":"2022-03","Title":"Baricci 2012  Brunello di Montalcino","Vintage":"2012","Variety":"Sangiovese","Score":"96","Price":"50","Quantity":"5"}
{"RowId":"23","OnlineRetailer":"Verde","SalesMonth":"2022-03","Title":"Isole e Olena 2010  Chianti Classico","Vintage":"2010","Variety":"Red Blend","Score":"96","Price":"27","Quantity":"6"}
{"RowId":"24","OnlineRetailer":"Verde","SalesMonth":"2022-03","Title":"Abbazia di Novacella 2015 Praepositus Kerner (Alto Adige)","Vintage":"2015","Variety":"Kerner","Score":"95","Price":"25","Quantity":"34"}
{"RowId":"25","OnlineRetailer":"Verde","SalesMonth":"2022-03","Title":"Poggio Antico 2007 Madre Red (Toscana)","Vintage":"2007","Variety":"Red Blend","Score":"95","Price":"30","Quantity":"157"}
{"RowId":"26","OnlineRetailer":"Verde","SalesMonth":"2022-03","Title":"Gaja 2006 Conteisa Nebbiolo (Langhe)","Vintage":"2006","Variety":"Nebbiolo","Score":"97","Price":"215","Quantity":"145"}
{"RowId":"27","OnlineRetailer":"Verde","SalesMonth":"2022-03","Title":"Il Colle 2010  Brunello di Montalcino","Vintage":"2010","Variety":"Sangiovese","Score":"95","Price":"46","Quantity":"66"}
{"RowId":"28","OnlineRetailer":"Verde","SalesMonth":"2022-03","Title":"Ornellaia 2010  Bolgheri Superiore","Vintage":"2010","Variety":"Red Blend","Score":"97","Price":"240","Quantity":"160"}
{"RowId":"29","OnlineRetailer":"Verde","SalesMonth":"2022-03","Title":"Le Macchiole 2004 Paleo Cabernet Franc (Toscana)","Vintage":"2004","Variety":"Cabernet Franc","Score":"96","Price":"105","Quantity":"106"}
{"RowId":"30","OnlineRetailer":"Verde","SalesMonth":"2022-03","Title":"Col d'Orcia 2006 Poggio al Vento Riserva  (Brunello di Montalcino)","Vintage":"2006","Variety":"Sangiovese","Score":"95","Price":"150","Quantity":"89"}
{"RowId":"31","OnlineRetailer":"Verde","SalesMonth":"2022-03","Title":"Cantina Fratelli Pardi 2010 Sacrantino  (Montefalco Sagrantino)","Vintage":"2010","Variety":"Sagrantino","Score":"95","Price":"60","Quantity":"113"}
{"RowId":"32","OnlineRetailer":"Verde","SalesMonth":"2022-03","Title":"Albino Rocca 2014 Angelo  (Barbaresco)","Vintage":"2014","Variety":"Nebbiolo","Score":"96","Price":"98","Quantity":"110"}
{"RowId":"33","OnlineRetailer":"Verde","SalesMonth":"2022-03","Title":"Conti Costanti 2012  Brunello di Montalcino","Vintage":"2012","Variety":"Sangiovese","Score":"98","Price":"95","Quantity":"13"}
{"RowId":"34","OnlineRetailer":"Verde","SalesMonth":"2022-03","Title":"Conti Costanti 2011  Brunello di Montalcino","Vintage":"2011","Variety":"Sangiovese","Score":"95","Price":"74","Quantity":"175"}
{"RowId":"35","OnlineRetailer":"Verde","SalesMonth":"2022-03","Title":"Marchesi di Barolo 2007 Cannubi  (Barolo)","Vintage":"2007","Variety":"Nebbiolo","Score":"95","Price":"135","Quantity":"9"}
{"RowId":"36","OnlineRetailer":"Verde","SalesMonth":"2022-03","Title":"Paolo Scavino 2009 Bric dël Fiasc  (Barolo)","Vintage":"2009","Variety":"Nebbiolo","Score":"95","Price":"118","Quantity":"30"}
{"RowId":"37","OnlineRetailer":"Verde","SalesMonth":"2022-03","Title":"Schiavenza 2013 Prapò  (Barolo)","Vintage":"2013","Variety":"Nebbiolo","Score":"96","Price":"70","Quantity":"161"}
{"RowId":"38","OnlineRetailer":"Verde","SalesMonth":"2022-03","Title":"Oddero 2010 Brunate  (Barolo)","Vintage":"2010","Variety":"Nebbiolo","Score":"95","Price":"123","Quantity":"123"}
{"RowId":"39","OnlineRetailer":"Verde","SalesMonth":"2022-03","Title":"Cavallotto 2007 Vignolo Riserva  (Barolo)","Vintage":"2007","Variety":"Nebbiolo","Score":"97","Price":"98","Quantity":"169"}
{"RowId":"40","OnlineRetailer":"Verde","SalesMonth":"2022-03","Title":"Il Marroneto 2012  Brunello di Montalcino","Vintage":"2012","Variety":"Sangiovese","Score":"95","Price":"80","Quantity":"71"}
{"RowId":"41","OnlineRetailer":"Verde","SalesMonth":"2022-03","Title":"Gianni Voerzio 2007 La Serra  (Barolo)","Vintage":"2007","Variety":"Nebbiolo","Score":"96","Price":"125","Quantity":"173"}
{"RowId":"42","OnlineRetailer":"Verde","SalesMonth":"2022-03","Title":"Abbadia Ardenga 2012 Vigna Piaggia  (Brunello di Montalcino)","Vintage":"2012","Variety":"Sangiovese","Score":"95","Price":"65","Quantity":"23"}
{"RowId":"43","OnlineRetailer":"Verde","SalesMonth":"2022-03","Title":"Marchesi di Barolo 2006 Coste di Rose  (Barolo)","Vintage":"2006","Variety":"Nebbiolo","Score":"95","Price":"30","Quantity":"142"}
{"RowId":"44","OnlineRetailer":"Verde","SalesMonth":"2022-03","Title":"Castello dei Rampolla 2011 D'Alceo Red (Toscana)","Vintage":"2011","Variety":"Red Blend","Score":"95","Price":"260","Quantity":"181"}
{"RowId":"45","OnlineRetailer":"Verde","SalesMonth":"2022-03","Title":"Massolino 2013 Serralunga d'Alba  (Barolo)","Vintage":"2013","Variety":"Nebbiolo","Score":"95","Price":"52","Quantity":"82"}
{"RowId":"46","OnlineRetailer":"Verde","SalesMonth":"2022-03","Title":"Tenuta di Biserno 2009 Biserno Red (Toscana)","Vintage":"2009","Variety":"Red Blend","Score":"95","Price":"180","Quantity":"133"}
{"RowId":"47","OnlineRetailer":"Verde","SalesMonth":"2022-03","Title":"Pieropan 2011 La Rocca  (Soave Classico)","Vintage":"2011","Variety":"Garganega","Score":"95","Price":"31","Quantity":"134"}
{"RowId":"48","OnlineRetailer":"Verde","SalesMonth":"2022-03","Title":"Gaja 2006 Sperss Nebbiolo (Langhe)","Vintage":"2006","Variety":"Nebbiolo","Score":"98","Price":"255","Quantity":"4"}
{"RowId":"49","OnlineRetailer":"Verde","SalesMonth":"2022-03","Title":"Paolo Scavino 2013 Monvigliero  (Barolo)","Vintage":"2013","Variety":"Nebbiolo","Score":"95","Price":"69","Quantity":"91"}
{"RowId":"50","OnlineRetailer":"Verde","SalesMonth":"2022-03","Title":"Biondi 2014 Contrada Monte San Nicolò  (Etna)","Vintage":"2014","Variety":"Red Blend","Score":"95","Price":"30","Quantity":"123"}
{"RowId":"51","OnlineRetailer":"Verde","SalesMonth":"2022-03","Title":"Rivetto 2008 Briccolina  (Barolo)","Vintage":"2008","Variety":"Nebbiolo","Score":"95","Price":"169","Quantity":"176"}
{"RowId":"52","OnlineRetailer":"Verde","SalesMonth":"2022-03","Title":"Gigi Rosso 2009 Arione  (Barolo)","Vintage":"2009","Variety":"Nebbiolo","Score":"95","Price":"49","Quantity":"172"}
{"RowId":"53","OnlineRetailer":"Verde","SalesMonth":"2022-03","Title":"Marchesi de' Frescobaldi 2003 Castello di Pomino Vendemmia Tardiva White (Tuscany)","Vintage":"2003","Variety":"White Blend","Score":"95","Price":"30","Quantity":"186"}
{"RowId":"54","OnlineRetailer":"Verde","SalesMonth":"2022-03","Title":"Tenuta San Guido 2010 Sassicaia  (Bolgheri Sassicaia)","Vintage":"2010","Variety":"Red Blend","Score":"97","Price":"227","Quantity":"146"}
{"RowId":"55","OnlineRetailer":"Verde","SalesMonth":"2022-03","Title":"Paolo Scavino 2009 Cannubi  (Barolo)","Vintage":"2009","Variety":"Nebbiolo","Score":"96","Price":"118","Quantity":"129"}
{"RowId":"56","OnlineRetailer":"Verde","SalesMonth":"2022-03","Title":"Paolo Scavino 2013 Bricco Ambrogio  (Barolo)","Vintage":"2013","Variety":"Nebbiolo","Score":"95","Price":"61","Quantity":"20"}
{"RowId":"57","OnlineRetailer":"Verde","SalesMonth":"2022-03","Title":"Tenuta Sette Ponti 2005 Oreno Red (Toscana)","Vintage":"2005","Variety":"Red Blend","Score":"95","Price":"93","Quantity":"152"}
{"RowId":"58","OnlineRetailer":"Verde","SalesMonth":"2022-03","Title":"Petra 1998 Riserva Cabernet Sauvignon-Merlot (Toscana)","Vintage":"1998","Variety":"Cabernet Sauvignon-Merlot","Score":"95","Price":"50","Quantity":"26"}
{"RowId":"59","OnlineRetailer":"Verde","SalesMonth":"2022-03","Title":"Cavallotto 2009 Vignolo Riserva  (Barolo)","Vintage":"2009","Variety":"Nebbiolo","Score":"95","Price":"100","Quantity":"159"}
{"RowId":"60","OnlineRetailer":"Verde","SalesMonth":"2022-03","Title":"Donnafugata 2008 Ben Ryé  (Passito di Pantelleria)","Vintage":"2008","Variety":"Zibibbo","Score":"95","Price":"40","Quantity":"167"}
{"RowId":"61","OnlineRetailer":"Verde","SalesMonth":"2022-03","Title":"Colombera & Garella 2013 Pizzaguerra  (Lessona)","Vintage":"2013","Variety":"Nebbiolo","Score":"96","Price":"35","Quantity":"185"}
{"RowId":"62","OnlineRetailer":"Verde","SalesMonth":"2022-03","Title":"Contucci 2010 Mulinvecchio  (Vino Nobile di Montepulciano)","Vintage":"2010","Variety":"Red Blend","Score":"95","Price":"50","Quantity":"193"}
{"RowId":"63","OnlineRetailer":"Verde","SalesMonth":"2022-03","Title":"Massolino 2012 Parafada  (Barolo)","Vintage":"2012","Variety":"Nebbiolo","Score":"95","Price":"96","Quantity":"53"}
{"RowId":"64","OnlineRetailer":"Verde","SalesMonth":"2022-03","Title":"Le Ragnaie 2012 VV  (Brunello di Montalcino)","Vintage":"2012","Variety":"Sangiovese","Score":"95","Price":"125","Quantity":"186"}
{"RowId":"65","OnlineRetailer":"Verde","SalesMonth":"2022-03","Title":"Gaja 2007 Sorì San Lorenzo Nebbiolo (Langhe)","Vintage":"2007","Variety":"Nebbiolo","Score":"99","Price":"440","Quantity":"156"}
{"RowId":"66","OnlineRetailer":"Verde","SalesMonth":"2022-03","Title":"Brezza 2013 Cannubi  (Barolo)","Vintage":"2013","Variety":"Nebbiolo","Score":"98","Price":"60","Quantity":"48"}
{"RowId":"67","OnlineRetailer":"Verde","SalesMonth":"2022-03","Title":"Masseto 2010 Merlot (Toscana)","Vintage":"2010","Variety":"Merlot","Score":"97","Price":"550","Quantity":"146"}
{"RowId":"68","OnlineRetailer":"Verde","SalesMonth":"2022-03","Title":"Gianni Brunelli 2011  Brunello di Montalcino","Vintage":"2011","Variety":"Sangiovese","Score":"95","Price":"56","Quantity":"113"}
{"RowId":"69","OnlineRetailer":"Verde","SalesMonth":"2022-03","Title":"Bel Colle 2012 Simposio  (Barolo)","Vintage":"2012","Variety":"Nebbiolo","Score":"95","Price":"60","Quantity":"73"}
{"RowId":"70","OnlineRetailer":"Verde","SalesMonth":"2022-03","Title":"Foradori 2012 Morei Teroldego (Vigneti delle Dolomiti)","Vintage":"2012","Variety":"Teroldego","Score":"95","Price":"50","Quantity":"193"}
{"RowId":"71","OnlineRetailer":"Verde","SalesMonth":"2022-03","Title":"Fratelli Alessandria 2013 Monvigliero  (Barolo)","Vintage":"2013","Variety":"Nebbiolo","Score":"95","Price":"78","Quantity":"135"}
{"RowId":"72","OnlineRetailer":"Verde","SalesMonth":"2022-03","Title":"Isole e Olena 2012 Cepparello Sangiovese (Toscana)","Vintage":"2012","Variety":"Sangiovese","Score":"95","Price":"80","Quantity":"190"}
{"RowId":"73","OnlineRetailer":"Verde","SalesMonth":"2022-03","Title":"Castello del Terriccio 2004 Castello del Terriccio Red (Toscana)","Vintage":"2004","Variety":"Red Blend","Score":"95","Price":"140","Quantity":"186"}
{"RowId":"74","OnlineRetailer":"Verde","SalesMonth":"2022-03","Title":"Azelia 2006 San Rocco  (Barolo)","Vintage":"2006","Variety":"Nebbiolo","Score":"95","Price":"30","Quantity":"68"}
{"RowId":"75","OnlineRetailer":"Verde","SalesMonth":"2022-03","Title":"Antinori 1999 Guado Al Tasso  (Bolgheri)","Vintage":"1999","Variety":"Red Blend","Score":"95","Price":"80","Quantity":"142"}
{"RowId":"76","OnlineRetailer":"Verde","SalesMonth":"2022-03","Title":"Biondi Santi 2011 Riserva  (Brunello di Montalcino)","Vintage":"2011","Variety":"Sangiovese","Score":"96","Price":"540","Quantity":"119"}
{"RowId":"77","OnlineRetailer":"Verde","SalesMonth":"2022-03","Title":"Giacomo Fenocchio 2013 Castellero  (Barolo)","Vintage":"2013","Variety":"Nebbiolo","Score":"95","Price":"55","Quantity":"166"}
{"RowId":"78","OnlineRetailer":"Verde","SalesMonth":"2022-03","Title":"Aldo Conterno 2013 Bussia Cicala  (Barolo)","Vintage":"2013","Variety":"Nebbiolo","Score":"96","Price":"150","Quantity":"49"}
{"RowId":"79","OnlineRetailer":"Verde","SalesMonth":"2022-03","Title":"Tua Rita 2005 Giusto di Notri Red (Toscana)","Vintage":"2005","Variety":"Red Blend","Score":"95","Price":"100","Quantity":"7"}
{"RowId":"80","OnlineRetailer":"Verde","SalesMonth":"2022-03","Title":"Brovia 2013 Brea Vigna Cà Mia  (Barolo)","Vintage":"2013","Variety":"Nebbiolo","Score":"97","Price":"96","Quantity":"128"}
{"RowId":"81","OnlineRetailer":"Verde","SalesMonth":"2022-03","Title":"Benanti 2010 Pietramarina Bianco Superiore  (Etna)","Vintage":"2010","Variety":"Carricante","Score":"95","Price":"45","Quantity":"106"}
{"RowId":"82","OnlineRetailer":"Verde","SalesMonth":"2022-03","Title":"Elvio Cogno 2007 Cascina Nuova  (Barolo)","Vintage":"2007","Variety":"Nebbiolo","Score":"95","Price":"50","Quantity":"77"}
{"RowId":"83","OnlineRetailer":"Verde","SalesMonth":"2022-03","Title":"San Giusto a Rentennano 2004 Percarlo Sangiovese (Toscana)","Vintage":"2004","Variety":"Sangiovese","Score":"95","Price":"70","Quantity":"95"}
{"RowId":"84","OnlineRetailer":"Verde","SalesMonth":"2022-03","Title":"Le Macchiole 2010 Messorio Merlot (Toscana)","Vintage":"2010","Variety":"Merlot","Score":"96","Price":"315","Quantity":"73"}
{"RowId":"85","OnlineRetailer":"Verde","SalesMonth":"2022-03","Title":"Il Poggione 2007 Vigna Paganelli Riserva  (Brunello di Montalcino)","Vintage":"2007","Variety":"Sangiovese Grosso","Score":"95","Price":"115","Quantity":"131"}
{"RowId":"86","OnlineRetailer":"Verde","SalesMonth":"2022-03","Title":"Elvio Cogno 2011 Ravera  (Barolo)","Vintage":"2011","Variety":"Nebbiolo","Score":"95","Price":"76","Quantity":"81"}
{"RowId":"87","OnlineRetailer":"Verde","SalesMonth":"2022-03","Title":"Eugenio Bocchino 2007 La Serra  (Barolo)","Vintage":"2007","Variety":"Nebbiolo","Score":"95","Price":"30","Quantity":"139"}
{"RowId":"88","OnlineRetailer":"Verde","SalesMonth":"2022-03","Title":"Comm. G. B. Burlotto 2013 Acclivi  (Barolo)","Vintage":"2013","Variety":"Nebbiolo","Score":"96","Price":"60","Quantity":"118"}
{"RowId":"89","OnlineRetailer":"Verde","SalesMonth":"2022-03","Title":"Gaja 2006 Costa Russi Nebbiolo (Langhe)","Vintage":"2006","Variety":"Nebbiolo","Score":"95","Price":"420","Quantity":"18"}
{"RowId":"90","OnlineRetailer":"Verde","SalesMonth":"2022-03","Title":"Monteraponi 2010 Il Campitello Riserva  (Chianti Classico)","Vintage":"2010","Variety":"Red Blend","Score":"95","Price":"55","Quantity":"99"}
{"RowId":"91","OnlineRetailer":"Verde","SalesMonth":"2022-03","Title":"Pio Cesare 2007  Barolo","Vintage":"2007","Variety":"Nebbiolo","Score":"95","Price":"65","Quantity":"57"}
{"RowId":"92","OnlineRetailer":"Verde","SalesMonth":"2022-03","Title":"Conti Costanti 2010 Riserva  (Brunello di Montalcino)","Vintage":"2010","Variety":"Sangiovese","Score":"98","Price":"190","Quantity":"41"}
{"RowId":"93","OnlineRetailer":"Verde","SalesMonth":"2022-03","Title":"Giuseppe Rinaldi 2012 Brunate  (Barolo)","Vintage":"2012","Variety":"Nebbiolo","Score":"96","Price":"146","Quantity":"8"}
{"RowId":"94","OnlineRetailer":"Verde","SalesMonth":"2022-03","Title":"Cantina Produttori San Michele Appiano 2015 Sanct Valentin Sauvignon (Alto Adige)","Vintage":"2015","Variety":"Sauvignon","Score":"95","Price":"40","Quantity":"21"}
{"RowId":"95","OnlineRetailer":"Verde","SalesMonth":"2022-03","Title":"Bruno Giacosa 2012 Asili  (Barbaresco)","Vintage":"2012","Variety":"Nebbiolo","Score":"95","Price":"200","Quantity":"90"}
{"RowId":"96","OnlineRetailer":"Verde","SalesMonth":"2022-03","Title":"Ciacci Piccolomini d'Aragona 2012 Vigna di Pianrosso  (Brunello di Montalcino)","Vintage":"2012","Variety":"Sangiovese","Score":"95","Price":"90","Quantity":"132"}
{"RowId":"97","OnlineRetailer":"Verde","SalesMonth":"2022-03","Title":"Massolino 2011 Parafada  (Barolo)","Vintage":"2011","Variety":"Nebbiolo","Score":"95","Price":"99","Quantity":"122"}
{"RowId":"98","OnlineRetailer":"Verde","SalesMonth":"2022-03","Title":"Bibi Graetz 2004 Testamatta Sangiovese (Toscana)","Vintage":"2004","Variety":"Sangiovese","Score":"96","Price":"98","Quantity":"83"}
{"RowId":"99","OnlineRetailer":"Verde","SalesMonth":"2022-03","Title":"Biondi Santi 2008  Brunello di Montalcino","Vintage":"2008","Variety":"Sangiovese","Score":"95","Price":"200","Quantity":"174"}
{"RowId":"100","OnlineRetailer":"Verde","SalesMonth":"2022-03","Title":"Mascarello Giuseppe e Figlio 2012 Monprivato  (Barolo)","Vintage":"2012","Variety":"Nebbiolo","Score":"95","Price":"163","Quantity":"46"}
{"RowId":"101","OnlineRetailer":"Verde","SalesMonth":"2022-03","Title":"Travaglini 2010 Riserva  (Gattinara)","Vintage":"2010","Variety":"Nebbiolo","Score":"95","Price":"60","Quantity":"154"}
{"RowId":"102","OnlineRetailer":"Verde","SalesMonth":"2022-03","Title":"Ferrando 2010 Black Label  (Carema)","Vintage":"2010","Variety":"Nebbiolo","Score":"95","Price":"90","Quantity":"31"}
{"RowId":"103","OnlineRetailer":"Verde","SalesMonth":"2022-03","Title":"Tenuta Sette Ponti 2007 Oreno Red (Toscana)","Vintage":"2007","Variety":"Red Blend","Score":"96","Price":"100","Quantity":"74"}
{"RowId":"104","OnlineRetailer":"Verde","SalesMonth":"2022-03","Title":"Dal Forno Romano 2004 Vigneto di Monte Lodoletta  (Amarone della Valpolicella)","Vintage":"2004","Variety":"Corvina, Rondinella, Molinara","Score":"95","Price":"500","Quantity":"148"}
{"RowId":"105","OnlineRetailer":"Verde","SalesMonth":"2022-03","Title":"Giacomo Fenocchio 2010 Villero  (Barolo)","Vintage":"2010","Variety":"Nebbiolo","Score":"95","Price":"60","Quantity":"28"}
{"RowId":"106","OnlineRetailer":"Verde","SalesMonth":"2022-03","Title":"Brovia 2013 Garblèt Suè  (Barolo)","Vintage":"2013","Variety":"Nebbiolo","Score":"98","Price":"83","Quantity":"42"}
{"RowId":"107","OnlineRetailer":"Verde","SalesMonth":"2022-03","Title":"Castello di Ama 2010 San Lorenzo Gran Selezione  (Chianti Classico)","Vintage":"2010","Variety":"Red Blend","Score":"95","Price":"52","Quantity":"52"}
{"RowId":"108","OnlineRetailer":"Verde","SalesMonth":"2022-03","Title":"Comm. G. B. Burlotto 2012 Acclivi  (Barolo)","Vintage":"2012","Variety":"Nebbiolo","Score":"95","Price":"55","Quantity":"19"}
{"RowId":"109","OnlineRetailer":"Verde","SalesMonth":"2022-03","Title":"Massolino 2013 Margheria  (Barolo)","Vintage":"2013","Variety":"Nebbiolo","Score":"96","Price":"97","Quantity":"80"}
{"RowId":"110","OnlineRetailer":"Verde","SalesMonth":"2022-03","Title":"Tenuta San Guido 2009 Sassicaia  (Bolgheri Sassicaia)","Vintage":"2009","Variety":"Red Blend","Score":"96","Price":"227","Quantity":"112"}
{"RowId":"111","OnlineRetailer":"Verde","SalesMonth":"2022-03","Title":"Sordo 2010 Gabutti  (Barolo)","Vintage":"2010","Variety":"Nebbiolo","Score":"95","Price":"55","Quantity":"133"}
{"RowId":"112","OnlineRetailer":"Verde","SalesMonth":"2022-03","Title":"San Felice 2011 Il Grigio Gran Selezione  (Chianti Classico)","Vintage":"2011","Variety":"Red Blend","Score":"95","Price":"44","Quantity":"198"}
{"RowId":"113","OnlineRetailer":"Verde","SalesMonth":"2022-03","Title":"Giuseppe Rinaldi 2011 Brunate  (Barolo)","Vintage":"2011","Variety":"Nebbiolo","Score":"95","Price":"135","Quantity":"120"}
{"RowId":"114","OnlineRetailer":"Verde","SalesMonth":"2022-03","Title":"Falesco 2007 Passirò White (Lazio)","Vintage":"2007","Variety":"White Blend","Score":"95","Price":"30","Quantity":"164"}
{"RowId":"115","OnlineRetailer":"Verde","SalesMonth":"2022-03","Title":"Gaja 2013 Costa Russi  (Barbaresco)","Vintage":"2013","Variety":"Nebbiolo","Score":"95","Price":"450","Quantity":"184"}
{"RowId":"116","OnlineRetailer":"Verde","SalesMonth":"2022-03","Title":"Produttori del Barbaresco 2009 Ovello Riserva  (Barbaresco)","Vintage":"2009","Variety":"Nebbiolo","Score":"95","Price":"65","Quantity":"131"}
{"RowId":"117","OnlineRetailer":"Verde","SalesMonth":"2022-03","Title":"Tenuta San Guido 2012 Sassicaia  (Bolgheri Sassicaia)","Vintage":"2012","Variety":"Red Blend","Score":"99","Price":"235","Quantity":"15"}
{"RowId":"118","OnlineRetailer":"Verde","SalesMonth":"2022-03","Title":"Talenti 1997  Brunello di Montalcino","Vintage":"1997","Variety":"Sangiovese","Score":"95","Price":"30","Quantity":"71"}
{"RowId":"119","OnlineRetailer":"Verde","SalesMonth":"2022-03","Title":"Fontodi 2013 Dino Sangiovese (Colli della Toscana Centrale)","Vintage":"2013","Variety":"Sangiovese","Score":"95","Price":"70","Quantity":"1"}
